estimate_id,reason
358-1,"exposure is fintech/big-tech credit flows, not ICT adoption (second-pass check)"
358-2,"exposure is fintech/big-tech credit flows, not ICT adoption (second-pass check)"
358-3,"exposure is fintech/big-tech credit flows, not ICT adoption (second-pass check)"
358-4,"exposure is fintech/big-tech credit flows, not ICT adoption (second-pass check)"
88-11,"outcome is growth of GDP, not level; not poolable with level estimates (second-pass check)"
88-12,"outcome is growth of GDP, not level; not poolable with level estimates (second-pass check)"
88-13,"outcome is growth of GDP, not level; not poolable with level estimates (second-pass check)"
88-14,"outcome is growth of GDP, not level; not poolable with level estimates (second-pass check)"
988-5,"outcome is a TFP index in levels, not log TFP (second-pass check)"
