title,authors,year,venue,status
AI-poverty-economic growth nexus in selected BRICS-Plus countries: does the moderating role of governance matter?,Saba,2025,AI & Society,new; full text requested
Exploring the growth effects of Artificial Intelligence in developing countries in Africa using a semi-endogenous growth model,Maswana,2024,AEA/ASSA conference paper,new; full text requested
Digital transformation development and productivity in developing countries: is artificial intelligence a curse or a blessing?,Aly,2022,Review of Economics and Political Science,new; full text requested
"Artificial Intelligence, Mobile Telephony, and Technology Leapfrogging in Developing Economies: Africa versus Non-African Developing Countries",Amavilah,2026,SSRN preprint,new; full text requested
Implications of AI innovation on economic growth and human security: a panel data study of an emerging economy,Kurantin,2026,Emerald,new; one country; not requested
The impact of artificial intelligence on employment: a panel data analysis for selected countries,Cetin Kutlu,2025,Ekonomi Politika ve Finans Arastirmalari Dergisi,already included (1564)
"Artificial Intelligence and Robotics Transforming Productivity Growth, Labor Markets, and Income Distribution",Alotaibi,n.d.,su.edu.sa (no venue),new; venue not identified; not requested
Implications of AI innovation on economic growth: a panel data study,Gonzales,2023,Journal of Economic Structures,in the main search (1580) judged includable at abstract stage but never read (no full text then); full text requested
Artificial intelligence for low income countries,Khan Umer Faruqe,2024,Humanities and Social Sciences Communications,in the main search (1533); excluded at abstract stage
The effect of artificial intelligence investments on economic development: panel data analysis,Inal Karhan Cayin,2025,Balkan Journal of Electrical and Computer Engineering,new; venue is an engineering journal; not requested
