stage,idx,year,title,my_decision,your_decision (include / exclude / unsure),note
title,455,2019,Foresight Analysis of ICT Adoption in India: A Framework on Vision 2020,excluded at title,,
title,1799,2008,"The Impact of ICT Usage, Workplace Organisation and Human Capital on the Provision of Apprenticeship Training: A Firm-Level Analysis Based o",excluded at title,,
title,400,2023,The case of amazons E-commerce digital strategy in India,excluded at title,,
title,1411,2017,Using Mobile Phones to Improve Vaccination Uptake in 21 Low- and Middle-Income Countries: Systematic Review,excluded at title,,
title,1018,2024,Analyzing the Spatial Pattern and Driving Factors of Urban Digital Economy: A Multiscale Perspective,excluded at title,,
title,1100,2026,Data-driven identification of economic drivers and regional disparities of ecological resilience in china’s urban agglomerations: an explain,excluded at title,,
title,1855,2013,Mobile Banking Services in the East African Community (EAC): Challenges to the Existing Legislative and Regulatory Frameworks in the EAC,excluded at title,,
title,978,2025,DIGITAL DYNAMICS: HOW INDIA AND CHINA'S TECH RIVALRY IS SHAPING BANGLADESH'S EMERGING ECONOMY,excluded at title,,
title,272,2025,Government digital subsidies and corporate digital technology innovation: Evidence from Chinese listed companies,excluded at title,,
title,1727,2021,Is ICT an enduring driver of economic growth? Evidence from South Asian economies,excluded at title,,
title,1305,2026,Digitalization and Household Consumption-Based Carbon Emissions: Evidence from China’s CFPS Panel,excluded at title,,
title,859,2010,Determinants of Locating R&D Activity in the Philippines: Policy Implications,excluded at title,,
title,753,2026,The Green Illusion? How Artificial Intelligence and Finance Shape Environmental Futures,excluded at title,,
title,1260,2025,STRATEGY FOR DIGITAL TRANSFORMATION OF CHEMICAL ENGINEERING IN UKRAINE DURING WAR,excluded at title,,
title,1606,2025,The Impact of AI on Financial Inclusion with Financial Literacy as a Moderating Variable,excluded at title,,
title,1937,2010,Learning processes in municipal broadband projects: An absorptive capacity perspective,excluded at title,,
title,1612,2022,"Deploying machine learning with messy, real world data in low- and middle-income countries: Developing a global health use case",excluded at title,,
title,2008,2025,Generative AI agents as “AI artists”: keeping human creativity and bridging the “cerebral divide”,excluded at title,,
title,740,2026,The impact of rural digital economy development on farmers' common prosperity: evidence from income growth and consumption expansion and upg,excluded at title,,
title,46,2019,Uncertainty and Economic Activity: A Multicountry Perspective,excluded at title,,
title,1808,2025,How does digital economy “double pilot” policy affect regional economic resilience?,excluded at title,,
title,1202,2024,Remote Accountants' Role in Advancing United Nations Sustainable Development Goals: The Case of a Philippine Fund Services Company,excluded at title,,
title,1904,2025,Do AI policy dividends alleviate employment pressure on college graduates? A comparative study across china provinces,excluded at title,,
title,584,2018,ЗАСТОСУВАННЯ ІНФОРМАЦІЙНО-КОМУНІКАЦІЙНИХ ТЕХНОЛОГІЙ У ПІДГОТОВЦІ КАДРІВ ДЛЯ ІНФОРМАЦІЙНО-АНАЛІТИЧНОЇ ТА ПОЛІТИЧНОЇ СФЕР,excluded at title,,
title,785,2025,"Green Finance Policies, Urban Green Energy Efficiency and Regional Relative Disparities—Causality Tests Based on Dual Machine Learning",excluded at title,,
title,1040,2025,"Human Capital in Ukraine's IT Sector: Analysis of the Current State, Statistics, And Development Prospects",excluded at title,,
title,1343,2026,GST and its Impact on Small and Medium Enterprises (SMEs) In India,excluded at title,,
title,240,2020,Global and Ukrainian Labour Markets in the Face of Digitalization Challenges and the Threats of the COVID-19 Pandemic,excluded at title,,
title,1334,2014,Emerging Knowledge Economies in Asia: Current Trends in ASEAN-5 ed. by Dessy Irawati and Roel Rutten (review),excluded at title,,
title,1665,2026,The The Impact of Fdi on Economic Growth in Emerging and Developing Economies: The Role of Institutional Quality and Technology Diffusion,excluded at title,,
title,332,2019,Welfare effects of transportation cost and food price volatility in the context of globalization in Nigeria,excluded at title,,
title,52,2018,Globalisation at a critical conjuncture?,excluded at title,,
title,2001,2024,Supplemental Material for Fears About Artificial Intelligence Across 20 Countries and Six Domains of Application,excluded at title,,
title,597,2024,Towards Green Production: How Big a Role Does Digital Economic Contribution Play in China?,excluded at title,,
title,1701,2017,Reconciling Models of Diffusion and Innovation: A Theory of the Productivity Distribution and Technology Frontier,excluded at title,,
title,316,2020,E-commerce Development in Europe: A Panel Data Analysis 2003–2017,excluded at title,,
title,2013,2026,IMPACT OF GENERATIVE AI ON ORGANIZATIONAL PRODUCTIVITY,excluded at title,,
title,368,2025,Are advancements in renewable energy technologies being driven by the digital economy and financial structure? An overview of the key eight ,excluded at title,,
title,929,2026,Artificial Intelligence Innovation and Development Pilot Zones and Green Total Factor Productivity of the Logistics Industry: An Empirical A,excluded at title,,
title,223,2024,Digital Economy and Urban Carbon Emissions: A Quasi-Natural Experiment of the National Big Data Comprehensive Pilot Zone in China,excluded at title,,
abstract,1213,2025,DIGITALIZATION AND ITS ROLE IN ECONOMIC DEVELOPMENT,excluded: E1 single or fewer than 10 economies,,
abstract,30,2006,Information and communication technologies for development and poverty reduction : the potential of telecommunications,"excluded: E4 conceptual, review or theory without own estimation",,
abstract,1741,2022,Information and communication technologies development and the resource curse,excluded: E2/E4 or duplicate,,
abstract,1458,2025,Information and communication technologies and the COVID-19: from economic inequality to educational digital divide in central and South Ame,excluded: E2/E3 exposure or outcome not eligible,,
abstract,167,2020,The Middle-Income Trap 2.0: The Increasing Role of Human Capital in the Age of Automation and Implications for Developing Asia,"excluded: E4 conceptual, review or theory without own estimation",,
abstract,963,2015,The Digital Divide And Job Stability During The Great Recession,excluded: E1 single or fewer than 10 economies,,
abstract,656,2018,"Research on the Relationship between Information Communication Technology Investment, Total Factor Productivity and Economic Growth: Literat",excluded: E2/E3 exposure or outcome not eligible,,
abstract,614,2025,Closing the productivity–wage gap in the European Union: The role of the labor share,excluded: E2/E3 exposure or outcome not eligible,,
abstract,343,2024,Does Financial Inclusion Matter to Population Health? Insight From a Global Dataset,excluded: E2 exposure not eligible,,
abstract,1533,2024,Artificial intelligence for low income countries,"excluded: E1/E4 single country, conceptual or theory",,
abstract,474,2025,"Artificial intelligence, automation and employment dynamics: empirical evidence from G7 economies",excluded: E1 single or fewer than 10 economies,,
abstract,703,2013,EFFECTS OF INTERNATIONAL DIFFUSION OF A GENERAL PURPOSE TECHNOLOGY ON WAGE INEQUALITY,"excluded: E4 conceptual, review or theory without own estimation",,
abstract,914,2025,Can affordable internet increase employment opportunities for low-income workers? Evidence from the Affordable Connectivity Program,excluded: E1 single or fewer than 10 economies,,
abstract,1481,2025,Who is concerned about digitalization? The role of digital literacy and exposure across 30 countries,excluded: E2/E3 exposure or outcome not eligible,,
abstract,311,2010,Changing role of BRIC countries in technology-driven international division of labor,excluded: E1 single or fewer than 10 economies,,
abstract,714,2023,GDP Impact on the Digital Economy in European Union Countries,excluded: E2/E3 exposure or outcome not eligible,,
abstract,1546,2026,"ARTIFICIAL INTELLIGENCE, THE DIGITAL DIVIDE, AND THE CHALLENGES FACING LATIN AMERICA IN THE NEW GLOBAL ECONOMY","excluded: E1/E4 single country, conceptual or theory",,
abstract,1191,2024,"Role of energy consumption, information and communications technology, and economic complexity in promoting environmental sustainability: Im",excluded: E1 single or fewer than 10 economies,,
abstract,539,2025,"The conditional impact of trade openness on economic growth in ASEAN: Governance, ICT, human capital, and natural resources as moderators",excluded: E2 not eligible on abstract (not individually coded),,
abstract,1537,2021,Data Labeling for the Artificial Intelligence Industry: Economic Impacts in Developing Countries,"excluded: E1/E4 single country, conceptual or theory",,
abstract,220,2022,Profound Impact of Economic Openness and Digital Economy towards a Sustainable Development: A New Look at RCEP Economies,excluded: E2 not eligible on abstract (not individually coded),,
abstract,538,2024,"Does ICT Development, Innovation Dissemination Promote Economic Growth and Human Capital? An Econometric Approach Based on East African Coun",excluded: E1 single or fewer than 10 economies,,
abstract,1163,2020,The National Technology Implementation Index,excluded: E1 single or fewer than 10 economies,,
abstract,241,2024,Investment in intangible assets and economic complexity,excluded: E2 exposure not eligible,,
abstract,1816,2025,From digital advancement to SDGs disruption: How artificial intelligence without inclusion threatens sustainable development in G7 economies,excluded: E2/E4 or duplicate,,
abstract,117,2011,Human Capital and Growth of Information and Communication Technology-intensive Industries: Empirical Evidence from Open Economies,included (full text),,
abstract,1497,2023,Digital Inclusive Finance Helps Developing Countries Narrow the Urban-rural Income Gap Analysis——Taking China as an Example,included (full text),,
abstract,1773,2004,Does ICT Investment Matter for Growth and Labor Productivity in Transition Economies?,included (full text),,
abstract,362,2015,The Impact of ICT investment on Human Development,included (full text),,
abstract,1356,2014,Broadband penetration and economic growth nexus: evidence from cross-country panel data,included (full text),,
abstract,1443,2019,Health outcome and expenditure in low-income countries: does increasing diffusion of information and communication technology matter?,included (full text),,
abstract,1026,2026,The nonlinear link between AI and energy poverty: Empirical evidence from global data,included (full text),,
abstract,627,2017,ICT and growth gap between nations: Evidence from MENA region,included (full text),,
abstract,526,2017,"Digitalization at work, Job Tasks and Wages: Cross-Country evidence from PIAAC1",included (full text),,
abstract,575,2024,interaction between economic digitalization and economic growth in MENA region,included (full text),,
abstract,1556,2025,Artificial Intelligence Adoption and Productivity in Emerging Markets: Firm Level Evidence,included (full text),,
abstract,947,2016,"Labour Productivity, ICT and Complementary Factors in the CEE Region",included (full text),,
abstract,74,2015,"The Digital Economy, ICT and Economic Growth in the CEE Countries",included (full text),,
abstract,707,2026,Digitalisation and structural change: Evidence from cross-country analysis,included (full text),,
abstract,1436,2023,"Telecommunications regulation, mobile money innovations and financial inclusion",included (full text),,
abstract,327,2013,Human Development and Macroeconomic Returns within the Context of Investments in Telecoms: An Exploration of Transition Economies,included (full text),,
abstract,2046,2021,"ICT diffusion, financial development, and economic growth: An international cross-country analysis",included (full text),,
abstract,140,2015,What are the drivers of total factor productivity in the European Union?,included (full text),,
abstract,245,2023,The impact of the digital economy on green total factor productivity in Belt and Road countries: the mediating role of energy transition,included (full text),,
abstract,534,2025,Do robots impact artificial intelligence (AI)-related employment? Evidence from a cross-national study,included (full text),,
abstract,1730,2025,Artificial intelligence and sustainable development: A global nonlinear analysis of the moderating roles of human capital and renewable ener,included (full text),,
abstract,571,2013,DEMOGRAPHIC AND WELFARE RELATED COVARIATES OF MACROECONOMIC PERFORMANCE IN A DIGITAL AGE IN ASIA,included (full text),,
abstract,972,2008,ICT Diffusion and Productivity in OECD Economies and New Zealand’s Industrial Sectors,included (full text),,
abstract,261,2019,ICT and transport infrastructure development: an empirical analysis of complementarity,included (full text),,
abstract,471,2012,Analysis of Impact of Information and Communication Technology on Productivity and Economic Performance,included (full text),,
